Creamy Cow, LLC
Deck Family Farm
Deck Family Farm's Hyland Processing
BNF Kombucha and Jun
Creole Me Up
Oregon Permaculture Works 
Sweet Creek
River Ranch Oregon Olive OIl
Queen of Hearts Superfood
Spoiled Rotten Vinegar
Full Farm CSA
Jar Joy Goods
Radiant Coffee Roasters
Camas Country Mill
My Brothers Farm
Lonesome Whistle
Kiko Denzer
Woven Roots
Grazier's Garden
MINYO KINOKO Foraged Goods
Camas Swale Farm
OGC
Little Wings
Red Tail Growers
Wintergreen
Gathering Together Farm 
Sweet Leaf Organic Farm 
Full Circle Farm 
Queneer Farm 
Small is Beautiful Farm 
Massimo's Fruit
Confluence Farm 
Elegant Elephant Baking Co.
Reality Kitchen Nonprofit
Barrett Baking
The Extra Loaf
Salt of the Earth Bakery
RL Plants
